beta,ebr
0, 0.015618055555555555
0.1, 0.012308531746031746
0.2, 0.008510912698412698
0.30000000000000004, 0.005614087301587301
0.4, 0.004168650793650794
0.5, 0.003800595238095238
0.6, 0.004276785714285714
0.7, 0.0051736111111111115
0.7999999999999999, 0.0053283730158730155
0.8999999999999999, 0.007628968253968254
0.9999999999999999, 0.008616071428571428
